id;description
aba97c1c-96b4-4a52-8b72-a185512a691c;../fake-data/blob/hipster.txt
3fd10494-217e-4bba-94d0-577762c521e8;../fake-data/blob/hipster.txt
d85e5802-8cf8-4277-a250-135af2ba8755;../fake-data/blob/hipster.txt
feca2329-8f2b-4642-b5f8-a873f614018a;../fake-data/blob/hipster.txt
8f830103-adb6-42ca-b233-26ed0b3233cc;../fake-data/blob/hipster.txt
0736c909-910e-4512-93a6-20a12ae824e9;../fake-data/blob/hipster.txt
f1b72071-9865-4a88-bae6-32c6364a8ab1;../fake-data/blob/hipster.txt
40a093e7-1e2b-4ebe-9a35-ed01e506aebb;../fake-data/blob/hipster.txt
a0c0001e-0284-426b-9156-ac57402ec8be;../fake-data/blob/hipster.txt
f630d313-0169-45a4-80fe-ffbc2ce8d091;../fake-data/blob/hipster.txt
