id;url;description
c1888eb6-7477-49e6-9c17-62a394e82946;http://kariane.org;../fake-data/blob/hipster.txt
1bd03a0d-0c87-4989-a13b-c480ef964aa5;http://mayra.net;../fake-data/blob/hipster.txt
47ce0394-4256-477f-b4b3-08369a7bde59;https://alfreda.com;../fake-data/blob/hipster.txt
3ede101d-daf5-466e-bd0b-1ddff4175269;http://sabrina.org;../fake-data/blob/hipster.txt
83d43962-00d4-467e-ad2a-be3fe79166be;http://jayden.net;../fake-data/blob/hipster.txt
6c77818a-6d37-4116-9d93-6d5c8ea34ed3;http://stephanie.com;../fake-data/blob/hipster.txt
78505f61-7753-4254-aa36-986f22fd3d9c;https://issac.info;../fake-data/blob/hipster.txt
e9aaaa06-5b91-402a-b3f7-a54313933066;http://keaton.info;../fake-data/blob/hipster.txt
5ac446c1-f1b3-4dde-95b6-cb8d29c7ff4b;https://alana.org;../fake-data/blob/hipster.txt
f6d17da1-1400-4bf8-9599-190c35a0162e;https://cielo.name;../fake-data/blob/hipster.txt
